{
     "quickSort": {
          "dataSize": [
               10,
               100,
               1000,
               10000,
               100000
          ],
          "time": [
               0.010013580322265625,
               0.10013580322265625,
               1.4848709106445312,
               18.47386360168457,
               244.66705322265625
          ]
     },
     "bubbleSort": {
          "dataSize": [
               10,
               100,
               1000,
               10000,
               100000
          ],
          "time": [
               0.009059906005859375,
               0.5340576171875,
               66.28990173339844,
               7294.360876083374,
               755119.9109554291
          ]
     }
}
